{
    "Validity": 0.967,
    "Novelty": 0.9017580144777663,
    "Diversity": 1.0,
    "QED": {
        "mean": 0.8051931208606418,
        "std": 0.09246976898223422
    },
    "SAS": {
        "mean": 2.437795123927936,
        "std": 0.47459847565773156
    },
    "LogP": {
        "mean": 2.520583247156154,
        "std": 1.0286933348169414
    },
    "MolWT": {
        "mean": 307.4474157187177,
        "std": 30.100440474517338
    }
}