{
    "Validity": 0.955,
    "Novelty": 0.900523560209424,
    "Diversity": 1.0,
    "QED": {
        "mean": 0.7995371645318675,
        "std": 0.09646274587652036
    },
    "SAS": {
        "mean": 2.4075995774304424,
        "std": 0.45800242751921477
    },
    "LogP": {
        "mean": 2.474030136125655,
        "std": 0.9924041043035955
    },
    "MolWT": {
        "mean": 306.671419895288,
        "std": 31.60867630949372
    }
}