{
    "Validity": 0.765,
    "Novelty": 0.9986928104575163,
    "Diversity": 1.0,
    "QED": {
        "mean": 0.7096289858704137,
        "std": 0.14435132494332026
    },
    "SAS": {
        "mean": 3.0446249689398757,
        "std": 0.8927353211427759
    },
    "LogP": {
        "mean": 2.5523348104575176,
        "std": 1.5703562666072974
    },
    "MolWT": {
        "mean": 337.5324091503269,
        "std": 65.68693244240238
    }
}