{
    "Validity": 0.782,
    "Novelty": 1.0,
    "Diversity": 1.0,
    "QED": {
        "mean": 0.7120279836230268,
        "std": 0.14488686630968026
    },
    "SAS": {
        "mean": 3.0853110186318466,
        "std": 0.8525665469695272
    },
    "LogP": {
        "mean": 2.643884360613812,
        "std": 1.5471530398373803
    },
    "MolWT": {
        "mean": 342.5515562659848,
        "std": 70.28203751450705
    }
}