{
    "Validity": 0.964,
    "Novelty": 0.9989626556016598,
    "Diversity": 1.0,
    "QED": {
        "mean": 0.5096488181036181,
        "std": 0.12147339694330173
    },
    "SAS": {
        "mean": 4.931697969592648,
        "std": 0.7987557245665089
    },
    "LogP": {
        "mean": 0.5810068153526972,
        "std": 1.1106089363691765
    },
    "MolWT": {
        "mean": 180.41791493775932,
        "std": 8.561264454336158
    }
}