{
    "Validity": 0.945,
    "Novelty": 0.9989417989417989,
    "Diversity": 1.0,
    "QED": {
        "mean": 0.5075643907784796,
        "std": 0.12692930160183608
    },
    "SAS": {
        "mean": 4.929393770234541,
        "std": 0.8009471148874234
    },
    "LogP": {
        "mean": 0.5777711111111113,
        "std": 1.1443387662250335
    },
    "MolWT": {
        "mean": 179.9541925925926,
        "std": 8.326230464443983
    }
}